{
    "loss": 31.228431701660156,
    "accuracy": 0.5903485417366028
}