{
    "loss": 12.455095291137695,
    "accuracy": 0.7394101619720459
}